resource_id,owner,env,tags_json
res-0000,bob,staging,"{""app"": ""app-29"", ""size"": ""L""}"
res-0001,bob,dev,"{""app"": ""app-31"", ""size"": ""M""}"
res-0002,bob,staging,"{""app"": ""app-22"", ""size"": ""L""}"
res-0003,carol,dev,"{""app"": ""app-15"", ""size"": ""L""}"
res-0004,alice,dev,"{""app"": ""app-47"", ""size"": ""S""}"
res-0005,bob,staging,"{""app"": ""app-41"", ""size"": ""S""}"
res-0006,alice,staging,"{""app"": ""app-46"", ""size"": ""L""}"
res-0007,alice,staging,"{""app"": ""app-33"", ""size"": ""M""}"
res-0008,alice,staging,"{""app"": ""app-12"", ""size"": ""S""}"
res-0009,alice,dev,"{""app"": ""app-24"", ""size"": ""S""}"
res-0010,carol,dev,"{""app"": ""app-32"", ""size"": ""L""}"
res-0011,carol,prod,"{""app"": ""app-34"", ""size"": ""M""}"
res-0012,alice,dev,"{""app"": ""app-19"", ""size"": ""M""}"
res-0013,alice,prod,"{""app"": ""app-31"", ""size"": ""L""}"
res-0014,bob,staging,"{""app"": ""app-9"", ""size"": ""L""}"
res-0015,alice,prod,"{""app"": ""app-22"", ""size"": ""M""}"
res-0016,alice,staging,"{""app"": ""app-42"", ""size"": ""M""}"
res-0017,alice,dev,"{""app"": ""app-31"", ""size"": ""S""}"
res-0018,alice,dev,"{""app"": ""app-14"", ""size"": ""M""}"
res-0019,bob,prod,"{""app"": ""app-15"", ""size"": ""S""}"
res-0020,bob,staging,"{""app"": ""app-21"", ""size"": ""L""}"
res-0021,alice,dev,"{""app"": ""app-37"", ""size"": ""M""}"
res-0022,carol,staging,"{""app"": ""app-31"", ""size"": ""M""}"
res-0023,,staging,"{""app"": ""app-40"", ""size"": ""M""}"
res-0024,carol,dev,"{""app"": ""app-26"", ""size"": ""M""}"
res-0025,alice,prod,"{""app"": ""app-3"", ""size"": ""S""}"
res-0026,alice,dev,"{""app"": ""app-39"", ""size"": ""L""}"
res-0027,alice,staging,"{""app"": ""app-29"", ""size"": ""S""}"
res-0028,alice,prod,"{""app"": ""app-6"", ""size"": ""L""}"
res-0029,carol,prod,"{""app"": ""app-7"", ""size"": ""S""}"
res-0030,alice,prod,"{""app"": ""app-2"", ""size"": ""M""}"
res-0031,alice,staging,"{""app"": ""app-36"", ""size"": ""L""}"
res-0032,carol,prod,"{""app"": ""app-42"", ""size"": ""L""}"
res-0033,alice,prod,"{""app"": ""app-10"", ""size"": ""S""}"
res-0034,bob,staging,"{""app"": ""app-4"", ""size"": ""S""}"
res-0035,bob,staging,"{""app"": ""app-2"", ""size"": ""L""}"
res-0036,bob,dev,"{""app"": ""app-46"", ""size"": ""S""}"
res-0037,carol,dev,"{""app"": ""app-37"", ""size"": ""L""}"
res-0038,bob,staging,"{""app"": ""app-13"", ""size"": ""M""}"
res-0039,carol,dev,"{""app"": ""app-19"", ""size"": ""M""}"
res-0040,bob,dev,"{""app"": ""app-5"", ""size"": ""L""}"
res-0041,bob,prod,"{""app"": ""app-20"", ""size"": ""M""}"
res-0042,bob,dev,"{""app"": ""app-39"", ""size"": ""M""}"
res-0043,alice,staging,"{""app"": ""app-36"", ""size"": ""M""}"
res-0044,carol,prod,"{""app"": ""app-6"", ""size"": ""M""}"
res-0045,alice,staging,"{""app"": ""app-3"", ""size"": ""M""}"
res-0046,alice,prod,"{""app"": ""app-18"", ""size"": ""L""}"
res-0047,alice,dev,"{""app"": ""app-10"", ""size"": ""L""}"
res-0048,alice,prod,"{""app"": ""app-19"", ""size"": ""M""}"
res-0049,bob,staging,"{""app"": ""app-18"", ""size"": ""M""}"
res-0050,bob,prod,"{""app"": ""app-37"", ""size"": ""S""}"
res-0051,carol,dev,"{""app"": ""app-43"", ""size"": ""M""}"
res-0052,bob,prod,"{""app"": ""app-18"", ""size"": ""S""}"
res-0053,carol,dev,"{""app"": ""app-26"", ""size"": ""M""}"
res-0054,alice,dev,"{""app"": ""app-4"", ""size"": ""L""}"
res-0055,bob,staging,"{""app"": ""app-33"", ""size"": ""S""}"
res-0056,,prod,"{""app"": ""app-18"", ""size"": ""L""}"
res-0057,bob,dev,"{""app"": ""app-9"", ""size"": ""S""}"
res-0058,alice,staging,"{""app"": ""app-1"", ""size"": ""L""}"
res-0059,carol,prod,"{""app"": ""app-31"", ""size"": ""S""}"
res-0060,,dev,"{""app"": ""app-26"", ""size"": ""S""}"
res-0061,bob,prod,"{""app"": ""app-6"", ""size"": ""S""}"
res-0062,carol,dev,"{""app"": ""app-35"", ""size"": ""L""}"
res-0063,bob,staging,"{""app"": ""app-7"", ""size"": ""S""}"
res-0064,carol,staging,"{""app"": ""app-21"", ""size"": ""S""}"
res-0065,alice,dev,"{""app"": ""app-21"", ""size"": ""L""}"
res-0066,alice,prod,"{""app"": ""app-48"", ""size"": ""L""}"
res-0067,carol,dev,"{""app"": ""app-37"", ""size"": ""M""}"
res-0068,carol,prod,"{""app"": ""app-38"", ""size"": ""L""}"
res-0069,bob,staging,"{""app"": ""app-13"", ""size"": ""L""}"
res-0070,carol,staging,"{""app"": ""app-30"", ""size"": ""L""}"
res-0071,bob,staging,"{""app"": ""app-39"", ""size"": ""L""}"
res-0072,alice,staging,"{""app"": ""app-15"", ""size"": ""S""}"
res-0073,alice,staging,"{""app"": ""app-38"", ""size"": ""M""}"
res-0074,alice,dev,"{""app"": ""app-45"", ""size"": ""L""}"
res-0075,alice,prod,"{""app"": ""app-47"", ""size"": ""S""}"
res-0076,alice,staging,"{""app"": ""app-14"", ""size"": ""S""}"
res-0077,carol,prod,"{""app"": ""app-10"", ""size"": ""S""}"
res-0078,carol,staging,"{""app"": ""app-22"", ""size"": ""L""}"
res-0079,alice,staging,"{""app"": ""app-27"", ""size"": ""M""}"
res-0080,alice,prod,"{""app"": ""app-2"", ""size"": ""M""}"
res-0081,alice,dev,"{""app"": ""app-42"", ""size"": ""S""}"
res-0082,bob,staging,"{""app"": ""app-44"", ""size"": ""M""}"
res-0083,bob,dev,"{""app"": ""app-24"", ""size"": ""M""}"
res-0084,bob,prod,"{""app"": ""app-4"", ""size"": ""M""}"
res-0085,alice,staging,"{""app"": ""app-38"", ""size"": ""M""}"
res-0086,alice,staging,"{""app"": ""app-10"", ""size"": ""L""}"
res-0087,bob,staging,"{""app"": ""app-37"", ""size"": ""L""}"
res-0088,alice,staging,"{""app"": ""app-46"", ""size"": ""M""}"
res-0089,carol,staging,"{""app"": ""app-32"", ""size"": ""S""}"
res-0090,bob,prod,"{""app"": ""app-24"", ""size"": ""L""}"
res-0091,bob,dev,"{""app"": ""app-49"", ""size"": ""M""}"
res-0092,bob,dev,"{""app"": ""app-10"", ""size"": ""M""}"
res-0093,alice,dev,"{""app"": ""app-48"", ""size"": ""L""}"
res-0094,carol,prod,"{""app"": ""app-28"", ""size"": ""S""}"
res-0095,bob,dev,"{""app"": ""app-9"", ""size"": ""M""}"
res-0096,alice,dev,"{""app"": ""app-24"", ""size"": ""S""}"
res-0097,carol,dev,"{""app"": ""app-45"", ""size"": ""M""}"
res-0098,alice,prod,"{""app"": ""app-21"", ""size"": ""M""}"
res-0099,bob,dev,"{""app"": ""app-22"", ""size"": ""L""}"
res-0100,carol,staging,"{""app"": ""app-4"", ""size"": ""M""}"
res-0101,bob,dev,"{""app"": ""app-2"", ""size"": ""S""}"
res-0102,carol,dev,"{""app"": ""app-45"", ""size"": ""S""}"
res-0103,bob,dev,"{""app"": ""app-15"", ""size"": ""L""}"
res-0104,alice,staging,"{""app"": ""app-24"", ""size"": ""L""}"
res-0105,bob,staging,"{""app"": ""app-44"", ""size"": ""S""}"
res-0106,bob,prod,"{""app"": ""app-23"", ""size"": ""M""}"
res-0107,alice,dev,"{""app"": ""app-5"", ""size"": ""M""}"
res-0108,alice,dev,"{""app"": ""app-20"", ""size"": ""S""}"
res-0109,bob,dev,"{""app"": ""app-17"", ""size"": ""S""}"
res-0110,alice,staging,"{""app"": ""app-39"", ""size"": ""S""}"
res-0111,carol,dev,"{""app"": ""app-33"", ""size"": ""S""}"
res-0112,carol,prod,"{""app"": ""app-30"", ""size"": ""S""}"
res-0113,bob,staging,"{""app"": ""app-27"", ""size"": ""S""}"
res-0114,bob,dev,"{""app"": ""app-30"", ""size"": ""S""}"
res-0115,carol,prod,"{""app"": ""app-35"", ""size"": ""L""}"
res-0116,bob,dev,"{""app"": ""app-15"", ""size"": ""L""}"
res-0117,bob,dev,"{""app"": ""app-45"", ""size"": ""S""}"
res-0118,alice,prod,"{""app"": ""app-31"", ""size"": ""S""}"
res-0119,alice,prod,"{""app"": ""app-1"", ""size"": ""L""}"
res-0120,alice,staging,"{""app"": ""app-30"", ""size"": ""L""}"
res-0121,alice,prod,"{""app"": ""app-6"", ""size"": ""L""}"
res-0122,alice,staging,"{""app"": ""app-36"", ""size"": ""S""}"
res-0123,carol,staging,"{""app"": ""app-38"", ""size"": ""M""}"
res-0124,carol,staging,"{""app"": ""app-9"", ""size"": ""M""}"
res-0125,carol,staging,"{""app"": ""app-19"", ""size"": ""S""}"
res-0126,carol,dev,"{""app"": ""app-21"", ""size"": ""L""}"
res-0127,alice,staging,"{""app"": ""app-20"", ""size"": ""S""}"
res-0128,bob,staging,"{""app"": ""app-16"", ""size"": ""L""}"
res-0129,carol,prod,"{""app"": ""app-9"", ""size"": ""L""}"
res-0130,carol,prod,"{""app"": ""app-3"", ""size"": ""S""}"
res-0131,alice,dev,"{""app"": ""app-18"", ""size"": ""L""}"
res-0132,carol,staging,"{""app"": ""app-36"", ""size"": ""M""}"
res-0133,bob,prod,"{""app"": ""app-13"", ""size"": ""S""}"
res-0134,carol,staging,"{""app"": ""app-18"", ""size"": ""L""}"
res-0135,bob,dev,"{""app"": ""app-41"", ""size"": ""S""}"
res-0136,bob,prod,"{""app"": ""app-47"", ""size"": ""L""}"
res-0137,carol,staging,"{""app"": ""app-33"", ""size"": ""M""}"
res-0138,bob,staging,"{""app"": ""app-9"", ""size"": ""L""}"
res-0139,alice,prod,"{""app"": ""app-19"", ""size"": ""S""}"
res-0140,carol,prod,"{""app"": ""app-18"", ""size"": ""L""}"
res-0141,carol,prod,"{""app"": ""app-4"", ""size"": ""S""}"
res-0142,alice,staging,"{""app"": ""app-28"", ""size"": ""M""}"
res-0143,carol,dev,"{""app"": ""app-4"", ""size"": ""M""}"
res-0144,bob,dev,"{""app"": ""app-23"", ""size"": ""M""}"
res-0145,alice,staging,"{""app"": ""app-33"", ""size"": ""S""}"
res-0146,carol,dev,"{""app"": ""app-15"", ""size"": ""L""}"
res-0147,bob,prod,"{""app"": ""app-30"", ""size"": ""L""}"
res-0148,bob,prod,"{""app"": ""app-36"", ""size"": ""M""}"
res-0149,carol,staging,"{""app"": ""app-20"", ""size"": ""M""}"
res-0150,carol,prod,"{""app"": ""app-25"", ""size"": ""M""}"
res-0151,alice,prod,"{""app"": ""app-45"", ""size"": ""M""}"
res-0152,bob,staging,"{""app"": ""app-29"", ""size"": ""S""}"
res-0153,bob,prod,"{""app"": ""app-1"", ""size"": ""S""}"
res-0154,carol,staging,"{""app"": ""app-1"", ""size"": ""S""}"
res-0155,alice,prod,"{""app"": ""app-3"", ""size"": ""S""}"
res-0156,bob,dev,"{""app"": ""app-46"", ""size"": ""L""}"
res-0157,alice,dev,"{""app"": ""app-37"", ""size"": ""L""}"
res-0158,bob,prod,"{""app"": ""app-19"", ""size"": ""M""}"
res-0159,bob,staging,"{""app"": ""app-21"", ""size"": ""S""}"
res-0160,alice,dev,"{""app"": ""app-24"", ""size"": ""L""}"
res-0161,carol,dev,"{""app"": ""app-27"", ""size"": ""L""}"
res-0162,bob,prod,"{""app"": ""app-33"", ""size"": ""M""}"
res-0163,bob,dev,"{""app"": ""app-29"", ""size"": ""S""}"
res-0164,carol,prod,"{""app"": ""app-22"", ""size"": ""S""}"
res-0165,bob,dev,"{""app"": ""app-25"", ""size"": ""S""}"
res-0166,bob,staging,"{""app"": ""app-29"", ""size"": ""L""}"
res-0167,carol,staging,"{""app"": ""app-14"", ""size"": ""M""}"
res-0168,alice,dev,"{""app"": ""app-28"", ""size"": ""S""}"
res-0169,alice,prod,"{""app"": ""app-11"", ""size"": ""L""}"
res-0170,alice,prod,"{""app"": ""app-34"", ""size"": ""M""}"
res-0171,alice,staging,"{""app"": ""app-12"", ""size"": ""S""}"
res-0172,,dev,"{""app"": ""app-34"", ""size"": ""M""}"
res-0173,bob,dev,"{""app"": ""app-33"", ""size"": ""L""}"
res-0174,bob,prod,"{""app"": ""app-48"", ""size"": ""M""}"
res-0175,bob,dev,"{""app"": ""app-17"", ""size"": ""M""}"
res-0176,,dev,"{""app"": ""app-46"", ""size"": ""S""}"
res-0177,carol,staging,"{""app"": ""app-12"", ""size"": ""L""}"
res-0178,bob,prod,"{""app"": ""app-23"", ""size"": ""L""}"
res-0179,alice,dev,"{""app"": ""app-47"", ""size"": ""L""}"
res-0180,carol,staging,"{""app"": ""app-6"", ""size"": ""S""}"
res-0181,carol,dev,"{""app"": ""app-8"", ""size"": ""S""}"
res-0182,bob,dev,"{""app"": ""app-48"", ""size"": ""M""}"
res-0183,,staging,"{""app"": ""app-29"", ""size"": ""M""}"
res-0184,alice,dev,"{""app"": ""app-42"", ""size"": ""M""}"
res-0185,carol,staging,"{""app"": ""app-31"", ""size"": ""S""}"
res-0186,bob,dev,"{""app"": ""app-15"", ""size"": ""M""}"
res-0187,,prod,"{""app"": ""app-41"", ""size"": ""L""}"
res-0188,alice,prod,"{""app"": ""app-38"", ""size"": ""L""}"
res-0189,carol,staging,"{""app"": ""app-20"", ""size"": ""S""}"
res-0190,alice,staging,"{""app"": ""app-15"", ""size"": ""M""}"
res-0191,bob,staging,"{""app"": ""app-22"", ""size"": ""M""}"
res-0192,alice,staging,"{""app"": ""app-16"", ""size"": ""M""}"
res-0193,bob,staging,"{""app"": ""app-13"", ""size"": ""S""}"
res-0194,alice,staging,"{""app"": ""app-39"", ""size"": ""L""}"
res-0195,carol,dev,"{""app"": ""app-26"", ""size"": ""L""}"
res-0196,bob,staging,"{""app"": ""app-33"", ""size"": ""S""}"
res-0197,,dev,"{""app"": ""app-37"", ""size"": ""L""}"
res-0198,bob,prod,"{""app"": ""app-44"", ""size"": ""L""}"
res-0199,bob,prod,"{""app"": ""app-10"", ""size"": ""L""}"
res-0200,carol,staging,"{""app"": ""app-10"", ""size"": ""L""}"
res-0201,carol,prod,"{""app"": ""app-42"", ""size"": ""M""}"
res-0202,bob,dev,"{""app"": ""app-37"", ""size"": ""M""}"
res-0203,bob,staging,"{""app"": ""app-4"", ""size"": ""S""}"
res-0204,carol,staging,"{""app"": ""app-49"", ""size"": ""S""}"
res-0205,bob,staging,"{""app"": ""app-31"", ""size"": ""M""}"
res-0206,carol,dev,"{""app"": ""app-3"", ""size"": ""L""}"
res-0207,bob,prod,"{""app"": ""app-21"", ""size"": ""M""}"
res-0208,carol,prod,"{""app"": ""app-20"", ""size"": ""S""}"
res-0209,carol,prod,"{""app"": ""app-23"", ""size"": ""L""}"
res-0210,bob,dev,"{""app"": ""app-29"", ""size"": ""L""}"
res-0211,,prod,"{""app"": ""app-5"", ""size"": ""S""}"
res-0212,alice,prod,"{""app"": ""app-14"", ""size"": ""S""}"
res-0213,carol,staging,"{""app"": ""app-40"", ""size"": ""M""}"
res-0214,bob,staging,"{""app"": ""app-45"", ""size"": ""L""}"
res-0215,carol,staging,"{""app"": ""app-17"", ""size"": ""L""}"
res-0216,bob,dev,"{""app"": ""app-2"", ""size"": ""S""}"
res-0217,carol,prod,"{""app"": ""app-38"", ""size"": ""S""}"
res-0218,carol,staging,"{""app"": ""app-10"", ""size"": ""M""}"
res-0219,carol,staging,"{""app"": ""app-36"", ""size"": ""S""}"
res-0220,alice,staging,"{""app"": ""app-16"", ""size"": ""M""}"
res-0221,carol,dev,"{""app"": ""app-17"", ""size"": ""S""}"
res-0222,carol,prod,"{""app"": ""app-12"", ""size"": ""L""}"
res-0223,,dev,"{""app"": ""app-28"", ""size"": ""S""}"
res-0224,bob,staging,"{""app"": ""app-47"", ""size"": ""S""}"
res-0225,carol,staging,"{""app"": ""app-45"", ""size"": ""M""}"
res-0226,alice,staging,"{""app"": ""app-27"", ""size"": ""L""}"
res-0227,alice,prod,"{""app"": ""app-9"", ""size"": ""L""}"
res-0228,,dev,"{""app"": ""app-43"", ""size"": ""L""}"
res-0229,bob,prod,"{""app"": ""app-6"", ""size"": ""L""}"
res-0230,alice,staging,"{""app"": ""app-18"", ""size"": ""M""}"
res-0231,carol,dev,"{""app"": ""app-43"", ""size"": ""S""}"
res-0232,carol,dev,"{""app"": ""app-35"", ""size"": ""L""}"
res-0233,carol,dev,"{""app"": ""app-24"", ""size"": ""M""}"
res-0234,bob,dev,"{""app"": ""app-19"", ""size"": ""L""}"
res-0235,carol,staging,"{""app"": ""app-49"", ""size"": ""M""}"
res-0236,carol,dev,"{""app"": ""app-26"", ""size"": ""M""}"
res-0237,carol,staging,"{""app"": ""app-39"", ""size"": ""S""}"
res-0238,alice,dev,"{""app"": ""app-44"", ""size"": ""M""}"
res-0239,bob,prod,"{""app"": ""app-18"", ""size"": ""L""}"
res-0240,alice,dev,"{""app"": ""app-9"", ""size"": ""M""}"
res-0241,carol,dev,"{""app"": ""app-34"", ""size"": ""L""}"
res-0242,alice,dev,"{""app"": ""app-3"", ""size"": ""M""}"
res-0243,bob,staging,"{""app"": ""app-17"", ""size"": ""S""}"
res-0244,alice,staging,"{""app"": ""app-21"", ""size"": ""M""}"
res-0245,,staging,"{""app"": ""app-41"", ""size"": ""M""}"
res-0246,carol,staging,"{""app"": ""app-39"", ""size"": ""S""}"
res-0247,alice,dev,"{""app"": ""app-14"", ""size"": ""L""}"
res-0248,bob,staging,"{""app"": ""app-27"", ""size"": ""M""}"
res-0249,bob,dev,"{""app"": ""app-18"", ""size"": ""S""}"
res-0250,alice,prod,"{""app"": ""app-19"", ""size"": ""M""}"
res-0251,carol,staging,"{""app"": ""app-43"", ""size"": ""L""}"
res-0252,alice,dev,"{""app"": ""app-40"", ""size"": ""M""}"
res-0253,carol,staging,"{""app"": ""app-3"", ""size"": ""S""}"
res-0254,carol,dev,"{""app"": ""app-1"", ""size"": ""M""}"
res-0255,carol,staging,"{""app"": ""app-20"", ""size"": ""L""}"
res-0256,alice,staging,"{""app"": ""app-46"", ""size"": ""S""}"
res-0257,alice,staging,"{""app"": ""app-9"", ""size"": ""L""}"
res-0258,alice,prod,"{""app"": ""app-12"", ""size"": ""S""}"
res-0259,carol,prod,"{""app"": ""app-18"", ""size"": ""M""}"
res-0260,,dev,"{""app"": ""app-39"", ""size"": ""M""}"
res-0261,alice,staging,"{""app"": ""app-27"", ""size"": ""M""}"
res-0262,carol,prod,"{""app"": ""app-22"", ""size"": ""S""}"
res-0263,bob,dev,"{""app"": ""app-29"", ""size"": ""L""}"
res-0264,alice,prod,"{""app"": ""app-45"", ""size"": ""M""}"
res-0265,alice,prod,"{""app"": ""app-48"", ""size"": ""S""}"
res-0266,bob,dev,"{""app"": ""app-34"", ""size"": ""S""}"
res-0267,bob,prod,"{""app"": ""app-46"", ""size"": ""L""}"
res-0268,bob,prod,"{""app"": ""app-27"", ""size"": ""M""}"
res-0269,alice,dev,"{""app"": ""app-44"", ""size"": ""L""}"
res-0270,bob,dev,"{""app"": ""app-30"", ""size"": ""S""}"
res-0271,carol,staging,"{""app"": ""app-19"", ""size"": ""S""}"
res-0272,alice,prod,"{""app"": ""app-7"", ""size"": ""L""}"
res-0273,alice,dev,"{""app"": ""app-2"", ""size"": ""S""}"
res-0274,bob,prod,"{""app"": ""app-37"", ""size"": ""S""}"
res-0275,alice,staging,"{""app"": ""app-1"", ""size"": ""S""}"
res-0276,bob,prod,"{""app"": ""app-29"", ""size"": ""M""}"
res-0277,bob,dev,"{""app"": ""app-12"", ""size"": ""L""}"
res-0278,carol,dev,"{""app"": ""app-4"", ""size"": ""L""}"
res-0279,alice,prod,"{""app"": ""app-21"", ""size"": ""M""}"
res-0280,,staging,"{""app"": ""app-3"", ""size"": ""L""}"
res-0281,carol,dev,"{""app"": ""app-19"", ""size"": ""S""}"
res-0282,alice,dev,"{""app"": ""app-34"", ""size"": ""M""}"
res-0283,alice,prod,"{""app"": ""app-7"", ""size"": ""L""}"
res-0284,carol,staging,"{""app"": ""app-19"", ""size"": ""L""}"
res-0285,alice,dev,"{""app"": ""app-1"", ""size"": ""S""}"
res-0286,carol,prod,"{""app"": ""app-33"", ""size"": ""M""}"
res-0287,bob,prod,"{""app"": ""app-31"", ""size"": ""M""}"
res-0288,alice,staging,"{""app"": ""app-44"", ""size"": ""L""}"
res-0289,bob,prod,"{""app"": ""app-11"", ""size"": ""L""}"
res-0290,bob,dev,"{""app"": ""app-26"", ""size"": ""S""}"
res-0291,carol,prod,"{""app"": ""app-35"", ""size"": ""L""}"
res-0292,alice,dev,"{""app"": ""app-31"", ""size"": ""L""}"
res-0293,bob,prod,"{""app"": ""app-27"", ""size"": ""S""}"
res-0294,carol,staging,"{""app"": ""app-48"", ""size"": ""M""}"
res-0295,alice,dev,"{""app"": ""app-48"", ""size"": ""S""}"
res-0296,carol,staging,"{""app"": ""app-39"", ""size"": ""M""}"
res-0297,bob,staging,"{""app"": ""app-40"", ""size"": ""L""}"
res-0298,alice,prod,"{""app"": ""app-41"", ""size"": ""S""}"
res-0299,bob,staging,"{""app"": ""app-30"", ""size"": ""M""}"
res-0300,bob,dev,"{""app"": ""app-16"", ""size"": ""L""}"
res-0301,alice,prod,"{""app"": ""app-20"", ""size"": ""L""}"
res-0302,alice,dev,"{""app"": ""app-29"", ""size"": ""L""}"
res-0303,alice,prod,"{""app"": ""app-10"", ""size"": ""S""}"
res-0304,bob,dev,"{""app"": ""app-14"", ""size"": ""S""}"
res-0305,carol,prod,"{""app"": ""app-47"", ""size"": ""M""}"
res-0306,alice,dev,"{""app"": ""app-12"", ""size"": ""S""}"
res-0307,bob,prod,"{""app"": ""app-6"", ""size"": ""M""}"
res-0308,alice,staging,"{""app"": ""app-11"", ""size"": ""M""}"
res-0309,bob,dev,"{""app"": ""app-20"", ""size"": ""L""}"
res-0310,bob,staging,"{""app"": ""app-34"", ""size"": ""M""}"
res-0311,bob,prod,"{""app"": ""app-1"", ""size"": ""L""}"
res-0312,,prod,"{""app"": ""app-5"", ""size"": ""S""}"
res-0313,carol,prod,"{""app"": ""app-13"", ""size"": ""L""}"
res-0314,bob,dev,"{""app"": ""app-36"", ""size"": ""S""}"
res-0315,bob,dev,"{""app"": ""app-38"", ""size"": ""L""}"
res-0316,alice,dev,"{""app"": ""app-15"", ""size"": ""M""}"
res-0317,alice,prod,"{""app"": ""app-11"", ""size"": ""S""}"
res-0318,carol,staging,"{""app"": ""app-3"", ""size"": ""L""}"
res-0319,carol,prod,"{""app"": ""app-15"", ""size"": ""S""}"
res-0320,carol,prod,"{""app"": ""app-29"", ""size"": ""M""}"
res-0321,alice,prod,"{""app"": ""app-35"", ""size"": ""M""}"
res-0322,alice,prod,"{""app"": ""app-23"", ""size"": ""L""}"
res-0323,alice,prod,"{""app"": ""app-16"", ""size"": ""S""}"
res-0324,bob,prod,"{""app"": ""app-5"", ""size"": ""S""}"
res-0325,alice,dev,"{""app"": ""app-8"", ""size"": ""S""}"
res-0326,bob,prod,"{""app"": ""app-6"", ""size"": ""M""}"
res-0327,alice,staging,"{""app"": ""app-1"", ""size"": ""M""}"
res-0328,bob,dev,"{""app"": ""app-47"", ""size"": ""L""}"
res-0329,alice,prod,"{""app"": ""app-24"", ""size"": ""S""}"
res-0330,bob,dev,"{""app"": ""app-14"", ""size"": ""M""}"
res-0331,bob,prod,"{""app"": ""app-44"", ""size"": ""S""}"
res-0332,,dev,"{""app"": ""app-38"", ""size"": ""L""}"
res-0333,alice,staging,"{""app"": ""app-22"", ""size"": ""S""}"
res-0334,bob,staging,"{""app"": ""app-27"", ""size"": ""S""}"
res-0335,,dev,"{""app"": ""app-21"", ""size"": ""L""}"
res-0336,bob,prod,"{""app"": ""app-43"", ""size"": ""M""}"
res-0337,bob,dev,"{""app"": ""app-19"", ""size"": ""L""}"
res-0338,,dev,"{""app"": ""app-20"", ""size"": ""L""}"
res-0339,bob,prod,"{""app"": ""app-5"", ""size"": ""L""}"
res-0340,carol,staging,"{""app"": ""app-5"", ""size"": ""S""}"
res-0341,bob,staging,"{""app"": ""app-6"", ""size"": ""S""}"
res-0342,carol,dev,"{""app"": ""app-24"", ""size"": ""M""}"
res-0343,alice,staging,"{""app"": ""app-11"", ""size"": ""M""}"
res-0344,alice,dev,"{""app"": ""app-36"", ""size"": ""S""}"
res-0345,alice,staging,"{""app"": ""app-23"", ""size"": ""L""}"
res-0346,bob,prod,"{""app"": ""app-43"", ""size"": ""L""}"
res-0347,,dev,"{""app"": ""app-16"", ""size"": ""L""}"
res-0348,carol,prod,"{""app"": ""app-29"", ""size"": ""M""}"
res-0349,alice,staging,"{""app"": ""app-32"", ""size"": ""L""}"
res-0350,bob,staging,"{""app"": ""app-7"", ""size"": ""M""}"
res-0351,bob,staging,"{""app"": ""app-35"", ""size"": ""L""}"
res-0352,alice,dev,"{""app"": ""app-43"", ""size"": ""L""}"
res-0353,bob,staging,"{""app"": ""app-26"", ""size"": ""S""}"
res-0354,bob,dev,"{""app"": ""app-4"", ""size"": ""S""}"
res-0355,carol,staging,"{""app"": ""app-39"", ""size"": ""S""}"
res-0356,carol,staging,"{""app"": ""app-3"", ""size"": ""M""}"
res-0357,alice,staging,"{""app"": ""app-11"", ""size"": ""M""}"
res-0358,bob,staging,"{""app"": ""app-37"", ""size"": ""M""}"
res-0359,alice,staging,"{""app"": ""app-22"", ""size"": ""L""}"
res-0360,carol,dev,"{""app"": ""app-29"", ""size"": ""M""}"
res-0361,bob,dev,"{""app"": ""app-32"", ""size"": ""M""}"
res-0362,alice,dev,"{""app"": ""app-17"", ""size"": ""S""}"
res-0363,bob,dev,"{""app"": ""app-13"", ""size"": ""M""}"
res-0364,alice,staging,"{""app"": ""app-41"", ""size"": ""S""}"
res-0365,carol,staging,"{""app"": ""app-19"", ""size"": ""S""}"
res-0366,carol,prod,"{""app"": ""app-20"", ""size"": ""M""}"
res-0367,alice,dev,"{""app"": ""app-11"", ""size"": ""S""}"
res-0368,alice,dev,"{""app"": ""app-14"", ""size"": ""S""}"
res-0369,,staging,"{""app"": ""app-46"", ""size"": ""S""}"
res-0370,carol,dev,"{""app"": ""app-28"", ""size"": ""M""}"
res-0371,carol,prod,"{""app"": ""app-40"", ""size"": ""M""}"
res-0372,carol,staging,"{""app"": ""app-29"", ""size"": ""M""}"
res-0373,carol,staging,"{""app"": ""app-42"", ""size"": ""M""}"
res-0374,alice,prod,"{""app"": ""app-12"", ""size"": ""M""}"
res-0375,bob,staging,"{""app"": ""app-49"", ""size"": ""L""}"
res-0376,bob,staging,"{""app"": ""app-24"", ""size"": ""L""}"
res-0377,carol,prod,"{""app"": ""app-9"", ""size"": ""L""}"
res-0378,alice,prod,"{""app"": ""app-31"", ""size"": ""L""}"
res-0379,alice,dev,"{""app"": ""app-24"", ""size"": ""S""}"
res-0380,carol,dev,"{""app"": ""app-29"", ""size"": ""S""}"
res-0381,bob,dev,"{""app"": ""app-22"", ""size"": ""S""}"
res-0382,bob,staging,"{""app"": ""app-16"", ""size"": ""S""}"
res-0383,bob,staging,"{""app"": ""app-41"", ""size"": ""L""}"
res-0384,alice,dev,"{""app"": ""app-40"", ""size"": ""L""}"
res-0385,alice,staging,"{""app"": ""app-19"", ""size"": ""M""}"
res-0386,carol,staging,"{""app"": ""app-39"", ""size"": ""S""}"
res-0387,alice,prod,"{""app"": ""app-37"", ""size"": ""S""}"
res-0388,alice,dev,"{""app"": ""app-7"", ""size"": ""L""}"
res-0389,alice,staging,"{""app"": ""app-5"", ""size"": ""S""}"
res-0390,bob,dev,"{""app"": ""app-2"", ""size"": ""S""}"
res-0391,carol,prod,"{""app"": ""app-18"", ""size"": ""L""}"
res-0392,bob,staging,"{""app"": ""app-38"", ""size"": ""L""}"
res-0393,alice,prod,"{""app"": ""app-36"", ""size"": ""M""}"
res-0394,bob,dev,"{""app"": ""app-35"", ""size"": ""S""}"
res-0395,,dev,"{""app"": ""app-16"", ""size"": ""S""}"
res-0396,bob,prod,"{""app"": ""app-30"", ""size"": ""L""}"
res-0397,bob,prod,"{""app"": ""app-2"", ""size"": ""M""}"
res-0398,bob,staging,"{""app"": ""app-28"", ""size"": ""M""}"
res-0399,bob,staging,"{""app"": ""app-31"", ""size"": ""L""}"
res-0400,alice,staging,"{""app"": ""app-7"", ""size"": ""L""}"
res-0401,bob,prod,"{""app"": ""app-11"", ""size"": ""S""}"
res-0402,bob,staging,"{""app"": ""app-32"", ""size"": ""L""}"
res-0403,alice,prod,"{""app"": ""app-24"", ""size"": ""S""}"
res-0404,carol,dev,"{""app"": ""app-35"", ""size"": ""M""}"
res-0405,carol,prod,"{""app"": ""app-42"", ""size"": ""L""}"
res-0406,bob,prod,"{""app"": ""app-18"", ""size"": ""M""}"
res-0407,carol,dev,"{""app"": ""app-30"", ""size"": ""S""}"
res-0408,carol,prod,"{""app"": ""app-24"", ""size"": ""L""}"
res-0409,bob,staging,"{""app"": ""app-37"", ""size"": ""S""}"
res-0410,alice,staging,"{""app"": ""app-12"", ""size"": ""S""}"
res-0411,alice,dev,"{""app"": ""app-14"", ""size"": ""S""}"
res-0412,alice,staging,"{""app"": ""app-37"", ""size"": ""L""}"
res-0413,alice,staging,"{""app"": ""app-5"", ""size"": ""L""}"
res-0414,bob,staging,"{""app"": ""app-31"", ""size"": ""M""}"
res-0415,bob,staging,"{""app"": ""app-40"", ""size"": ""M""}"
res-0416,alice,dev,"{""app"": ""app-39"", ""size"": ""S""}"
res-0417,bob,dev,"{""app"": ""app-40"", ""size"": ""M""}"
res-0418,carol,prod,"{""app"": ""app-34"", ""size"": ""M""}"
res-0419,bob,dev,"{""app"": ""app-6"", ""size"": ""M""}"
res-0420,bob,staging,"{""app"": ""app-48"", ""size"": ""S""}"
res-0421,bob,dev,"{""app"": ""app-7"", ""size"": ""L""}"
res-0422,alice,staging,"{""app"": ""app-17"", ""size"": ""M""}"
res-0423,bob,prod,"{""app"": ""app-23"", ""size"": ""M""}"
res-0424,bob,prod,"{""app"": ""app-12"", ""size"": ""M""}"
res-0425,alice,dev,"{""app"": ""app-28"", ""size"": ""M""}"
res-0426,alice,dev,"{""app"": ""app-35"", ""size"": ""M""}"
res-0427,bob,staging,"{""app"": ""app-15"", ""size"": ""M""}"
res-0428,bob,dev,"{""app"": ""app-43"", ""size"": ""L""}"
res-0429,bob,dev,"{""app"": ""app-3"", ""size"": ""S""}"
res-0430,bob,staging,"{""app"": ""app-7"", ""size"": ""S""}"
res-0431,bob,prod,"{""app"": ""app-1"", ""size"": ""S""}"
res-0432,alice,staging,"{""app"": ""app-36"", ""size"": ""L""}"
res-0433,carol,dev,"{""app"": ""app-31"", ""size"": ""L""}"
res-0434,bob,prod,"{""app"": ""app-24"", ""size"": ""S""}"
res-0435,carol,prod,"{""app"": ""app-27"", ""size"": ""M""}"
res-0436,alice,dev,"{""app"": ""app-11"", ""size"": ""S""}"
res-0437,bob,prod,"{""app"": ""app-49"", ""size"": ""M""}"
res-0438,alice,dev,"{""app"": ""app-34"", ""size"": ""M""}"
res-0439,alice,dev,"{""app"": ""app-33"", ""size"": ""L""}"
res-0440,alice,prod,"{""app"": ""app-2"", ""size"": ""M""}"
res-0441,carol,dev,"{""app"": ""app-19"", ""size"": ""S""}"
res-0442,alice,staging,"{""app"": ""app-31"", ""size"": ""S""}"
res-0443,bob,dev,"{""app"": ""app-33"", ""size"": ""M""}"
res-0444,bob,dev,"{""app"": ""app-48"", ""size"": ""S""}"
res-0445,alice,prod,"{""app"": ""app-29"", ""size"": ""L""}"
res-0446,alice,prod,"{""app"": ""app-4"", ""size"": ""S""}"
res-0447,carol,staging,"{""app"": ""app-2"", ""size"": ""S""}"
res-0448,carol,prod,"{""app"": ""app-8"", ""size"": ""L""}"
res-0449,carol,staging,"{""app"": ""app-25"", ""size"": ""M""}"
res-0450,alice,dev,"{""app"": ""app-34"", ""size"": ""L""}"
res-0451,bob,prod,"{""app"": ""app-35"", ""size"": ""S""}"
res-0452,carol,prod,"{""app"": ""app-48"", ""size"": ""L""}"
res-0453,bob,staging,"{""app"": ""app-13"", ""size"": ""S""}"
res-0454,bob,staging,"{""app"": ""app-45"", ""size"": ""M""}"
res-0455,bob,dev,"{""app"": ""app-38"", ""size"": ""L""}"
res-0456,bob,prod,"{""app"": ""app-16"", ""size"": ""M""}"
res-0457,alice,staging,"{""app"": ""app-29"", ""size"": ""L""}"
res-0458,bob,staging,"{""app"": ""app-25"", ""size"": ""L""}"
res-0459,alice,dev,"{""app"": ""app-4"", ""size"": ""S""}"
res-0460,carol,staging,"{""app"": ""app-37"", ""size"": ""L""}"
res-0461,alice,prod,"{""app"": ""app-30"", ""size"": ""L""}"
res-0462,bob,prod,"{""app"": ""app-13"", ""size"": ""L""}"
res-0463,bob,prod,"{""app"": ""app-28"", ""size"": ""S""}"
res-0464,alice,staging,"{""app"": ""app-2"", ""size"": ""L""}"
res-0465,alice,staging,"{""app"": ""app-18"", ""size"": ""M""}"
res-0466,alice,staging,"{""app"": ""app-28"", ""size"": ""S""}"
res-0467,bob,prod,"{""app"": ""app-18"", ""size"": ""S""}"
res-0468,carol,prod,"{""app"": ""app-44"", ""size"": ""L""}"
res-0469,alice,dev,"{""app"": ""app-31"", ""size"": ""L""}"
res-0470,bob,prod,"{""app"": ""app-16"", ""size"": ""S""}"
res-0471,bob,staging,"{""app"": ""app-9"", ""size"": ""M""}"
res-0472,carol,staging,"{""app"": ""app-32"", ""size"": ""M""}"
res-0473,carol,prod,"{""app"": ""app-28"", ""size"": ""S""}"
res-0474,bob,dev,"{""app"": ""app-45"", ""size"": ""S""}"
res-0475,alice,dev,"{""app"": ""app-1"", ""size"": ""L""}"
res-0476,bob,prod,"{""app"": ""app-33"", ""size"": ""L""}"
res-0477,bob,dev,"{""app"": ""app-10"", ""size"": ""L""}"
res-0478,alice,prod,"{""app"": ""app-12"", ""size"": ""M""}"
res-0479,bob,prod,"{""app"": ""app-22"", ""size"": ""S""}"
res-0480,bob,prod,"{""app"": ""app-16"", ""size"": ""M""}"
res-0481,carol,staging,"{""app"": ""app-17"", ""size"": ""S""}"
res-0482,alice,dev,"{""app"": ""app-14"", ""size"": ""M""}"
res-0483,carol,staging,"{""app"": ""app-45"", ""size"": ""L""}"
res-0484,alice,dev,"{""app"": ""app-23"", ""size"": ""S""}"
res-0485,alice,prod,"{""app"": ""app-31"", ""size"": ""M""}"
res-0486,bob,staging,"{""app"": ""app-12"", ""size"": ""M""}"
res-0487,alice,dev,"{""app"": ""app-45"", ""size"": ""M""}"
res-0488,carol,dev,"{""app"": ""app-22"", ""size"": ""L""}"
res-0489,bob,dev,"{""app"": ""app-12"", ""size"": ""M""}"
res-0490,carol,staging,"{""app"": ""app-24"", ""size"": ""M""}"
res-0491,,staging,"{""app"": ""app-48"", ""size"": ""M""}"
res-0492,alice,prod,"{""app"": ""app-4"", ""size"": ""S""}"
res-0493,bob,staging,"{""app"": ""app-43"", ""size"": ""L""}"
res-0494,bob,dev,"{""app"": ""app-16"", ""size"": ""S""}"
res-0495,,prod,"{""app"": ""app-7"", ""size"": ""S""}"
res-0496,carol,staging,"{""app"": ""app-34"", ""size"": ""L""}"
res-0497,bob,staging,"{""app"": ""app-5"", ""size"": ""S""}"
res-0498,bob,prod,"{""app"": ""app-16"", ""size"": ""L""}"
res-0499,bob,staging,"{""app"": ""app-36"", ""size"": ""S""}"
